County,Votes,Percent_Voted,Republicans 2016,Democrats 2016,Green 2016,Libertarians 2016,Preschool.Enrollment.Ratio.enrolled.ages.3.and.4,Gini.Coefficient,Management.professional.and.related.occupations,Service.occupations,Sales.and.office.occupations,Farming.fishing.and.forestry.occupations,Construction.extraction.maintenance.and.repair.occupations,Production.transportation.and.material.moving.occupations,Low.birthweight,Teen.births,Children.in.single.parent.households,Adult.obesity,Diabetes,Sexually.transmitted.infections,Uninsured,Violent.crime,Injury.deaths,CA,S,MAR,CFS,ACFS,Mean Alc,Max Alc,Mixedness
Anderson,16887,0.293605258,77.95937704,19.88511873,0.337537751,1.817966483,35.9,0.465,23.6,24.15,24.5,0.8,13.2,13.75,0.09,70.7,0.36,0.34,0.115,317.3,0.264,311.56,93.1,0.229050967,-0.948391126,0.711661717,5.46252E-06,5.46252E-06,7.36841E-05,0.000422619,-0.470898281
Andrews,4926,0.350854701,79.67925294,16.97117337,0.365408039,2.984165652,38.4,0.531,20.9,16.5,24.25,1.1,18.45,18.85,0.1,82.4,0.282,0.303,0.099,479.1,0.271,536.37,79.8,0.827518773,-1.081740945,0.821885627,4.48729E-05,4.48729E-05,0.000108702,0.000621744,-0.052598594
Angelina,29870,0.35299818,72.53431537,25.23602277,0.354871108,1.87479076,51.3,0.452,27.75,18,23.15,0.7,11.45,18.9,0.09,72.7,0.396,0.318,0.11,438,0.252,350.84,65.2,0.620367004,-0.793494326,0.479538497,2.9459E-05,2.9459E-05,6.01377E-05,0.000468257,-0.681731686
Aransas,10467,0.439273124,73.85115124,23.48332856,0.39170727,2.273812936,67.9,0.47,31.05,19.6,23.6,1.65,13.25,10.9,0.09,72.6,0.378,0.278,0.121,457.8,0.266,186.09,102.4,-0.093289446,-0.794146819,0.733924079,4.35288E-05,4.35288E-05,8.93569E-05,0.000352795,-0.21667851
Archer,4269,0.474596998,88.66245022,9.229327711,0.234246896,1.87397517,62.9,0.409,28.2,14.6,24.1,3.4,15.6,14.15,0.08,34.9,0.213,0.295,0.125,90.5,0.245,112.93,59.6,1.421797538,0.230078931,0.547123161,8.40015E-06,8.40015E-06,8.05821E-05,0.00042607,-0.653377726
Armstrong,1017,0.519672969,90.85545723,6.882989184,0.491642085,1.769911504,0,0.375,33.5,23.05,22.7,0.8,8.15,11.75,,48.4,0.358,0.269,0.113,,0.262,0,,1.301241871,0.135936394,0.806203917,3.72132E-05,3.72132E-05,9.94044E-05,0.000591723,-0.132098703
Atascosa,13605,0.307687089,63.19735391,34.06835722,0.477765527,2.256523337,55.4,0.429,24.4,16.1,24.2,1.5,18.7,15.1,0.09,69.7,0.352,0.308,0.102,335.7,0.266,189.97,60,0.007028384,-1.157331042,0.759771073,1.97742E-05,1.97742E-05,0.000103928,0.000310983,-0.26899669
Austin,12255,0.445766041,78.6372909,18.92288862,0.416156671,2.023663811,34.4,0.452,29.55,19.35,22.2,0.85,10.95,17.05,0.07,43,0.269,0.308,0.103,188.4,0.234,233.82,69.1,0.86007759,0.053106672,0.507504199,2.3972E-05,2.3972E-05,6.24048E-05,0.000285312,-0.667859955
Bailey,1784,0.26382727,75.28026906,22.25336323,0.280269058,2.186098655,49.7,0.427,28.6,16.4,22.1,14,4.7,14.2,0.09,107.8,0.188,0.289,0.097,193.2,0.325,303.86,91.1,-0.003388345,-0.795919095,0.923399474,0.000137445,0.000137445,0.000140197,0.001180544,0.61194114
Bandera,10213,0.502830978,79.88837756,16.90002937,0.64623519,2.565357877,38.7,0.452,37.95,20.25,20.15,1.55,14.85,5.3,0.09,36.3,0.256,0.29,0.13,107.1,0.264,83.84,74,1.332075428,-0.467930473,0.939665415,9.48316E-05,9.48316E-05,9.05536E-05,0.000670817,0.308167958
Bastrop,28250,0.386726718,57.74867257,37.36283186,1.132743363,3.755752212,33.2,0.407,31.35,15.1,23.5,0.85,17.55,11.7,0.07,51.6,0.259,0.312,0.103,391.4,0.258,414.82,74.2,-0.747845022,-0.165025694,0.509321492,2.6793E-05,2.6793E-05,3.32333E-05,0.000315259,-0.717250613
Baylor,1492,0.397125366,84.91957105,12.80160858,0.201072386,2.077747989,16.1,0.515,32.35,15.2,27.75,3.4,14.55,6.7,0.1,66.3,0.211,0.273,0.117,240.6,0.255,453.94,121.2,1.095568994,-0.739155169,1.303575307,0.000140428,0.000140428,0.000167744,0.000984686,1.180480892
Bee,8458,0.263185736,56.07708678,40.70702294,0.401986285,2.813903996,36.8,0.476,23.35,36.45,19.2,3.35,9.1,8.5,0.09,75.7,0.413,0.3,0.095,676.1,0.226,271.79,56.4,-0.349958199,-1.407915393,1.032377032,-2.61649E-05,2.61649E-05,0.000178734,0.000593714,0.284135732
Bell,93999,0.320909892,55.0856924,40.00893627,0.862775136,4.042596198,40.1,0.424,31.6,20.3,26.4,0.2,9.85,11.65,0.09,66,0.365,0.291,0.096,1253.5,0.202,404.2,51.5,0.141290092,-0.46496915,0.764293181,7.20719E-05,7.20719E-05,8.36075E-05,0.000997023,-0.047868787
Bexar,586038,0.355218679,40.98044837,54.46592201,1.131837867,3.421791761,44.7,0.463,33.4,18.15,28,0.2,10.3,9.85,0.09,57.8,0.368,0.293,0.093,677.8,0.231,507.66,58.7,0.001802071,-0.491244208,0.665190644,3.89189E-05,3.89189E-05,4.48629E-05,0.000150115,-0.428955118
Blanco,5669,0.580423876,74.29881813,21.94390545,0.582113247,3.175163168,40.6,0.44,35.9,14.8,22.5,1.7,18.15,6.9,0.07,37.1,0.263,0.294,0.112,217,0.285,207.38,99.2,0.509861954,0.03579874,0.515085505,2.68237E-05,2.68237E-05,6.27683E-05,0.000662734,-0.642999658
Borden,365,0.5954323,90.4109589,8.493150685,0.273972603,0.821917808,,0.502,38.25,17.75,14.45,5.2,17.1,7.2,,,0.204,0.282,0.114,,0.168,0,,3.57032573,,,,,,,
Bosque,7797,0.433986419,81.12094395,16.37809414,0.513017827,1.987944081,36.3,0.421,29.1,19.15,22.4,1.6,10.05,17.75,0.08,47.9,0.259,0.283,0.107,218.5,0.265,88.16,86.4,0.435726711,-0.647743673,0.606214847,4.54797E-05,4.54797E-05,6.0202E-05,0.000534254,-0.437826001
Bowie,34470,0.373849007,72.27444154,25.61937917,0.417754569,1.688424717,53.4,0.469,30.05,17.6,25.25,0.65,12.35,14.05,0.1,67,0.391,0.315,0.11,384.7,0.222,728.02,74.2,1.110918591,-0.841181047,0.646603494,1.56331E-05,1.56331E-05,4.69163E-05,0.000197016,-0.564622292
Brazoria,120296,0.397364031,60.39519186,35.80750815,0.667520117,3.129779876,47.3,0.416,38.2,14.05,22.65,0.4,12.5,12.15,0.08,50,0.274,0.29,0.094,341.6,0.214,193.51,56.4,1.359744508,0.378022211,0.519499991,-1.85592E-05,1.85592E-05,7.30901E-05,0.000292936,-0.655267931
Brazos,66036,0.360623867,58.54685323,34.89157429,0.805621176,5.755951299,42.9,0.529,38.75,18.2,23.95,0.6,10.05,8.55,0.08,26.7,0.387,0.283,0.071,503,0.242,393.69,37.2,0.320682393,-0.218486627,1.262340147,0.000170787,0.000170787,0.000213272,0.001301752,1.381495428
Brewster,4226,0.458152645,49.05347847,44.22621865,1.798390913,4.921911974,27,0.49,28.45,26.9,18.65,1.5,15.2,9.3,0.09,51.4,0.193,0.27,0.09,426.2,0.272,185.38,58.1,1.064250821,-0.249671206,0.979168841,7.91454E-05,7.91454E-05,8.46849E-05,0.000545184,0.267670095
Briscoe,734,0.455900621,85.14986376,12.39782016,0.544959128,1.907356948,48.9,0.392,32.7,19,20.2,9.1,11.45,7.55,,64.4,0.379,0.288,0.116,,0.363,42.19,,-0.678366812,-1.015782686,0.713671215,4.9043E-05,4.9043E-05,9.71736E-05,0.000407267,-0.197689038
Brooks,2596,0.35324534,23.61325116,74.61479199,0.539291217,1.232665639,41.9,0.512,25.45,31.1,23.1,4.2,9.15,7,0.12,130.4,0.53,0.29,0.106,886.2,0.25,361.79,100.6,-1.189746996,-2.979824566,1.084551398,-0.000188458,0.000188458,0.000614263,0.002466663,2.144729113
Brown,13949,0.365491943,86.09936196,11.62090472,0.465983225,1.81375009,31,0.476,26.75,18.2,23.35,0.95,10.95,19.8,0.09,57.7,0.292,0.323,0.105,382.3,0.238,353.22,67.6,1.052401035,-0.819975886,0.562804451,1.27076E-05,1.27076E-05,5.93583E-05,0.000161343,-0.659488831
Burleson,6945,0.410703726,76.54427646,21.46868251,0.287976962,1.699064075,53,0.409,25.25,18.35,20.45,1.95,16.85,17.2,0.08,57.7,0.264,0.319,0.118,301.4,0.275,190.77,84.4,0.252333597,-0.665349595,0.565844982,2.44322E-05,2.44322E-05,4.09161E-05,0.000125724,-0.638629254
Burnet,19046,0.44214876,76.63026357,19.8729392,0.540795968,2.95600126,47,0.442,28.5,18.15,26.35,0.95,15.85,10.15,0.07,52.9,0.367,0.277,0.101,250.5,0.278,172.45,86.3,0.130266556,-0.117801871,0.613195398,4.32369E-05,4.32369E-05,5.47224E-05,0.000487658,-0.452365147
Caldwell,11709,0.312406617,55.64950038,39.82406696,0.871124776,3.655307883,31.4,0.428,26.75,20.2,24.5,0.35,14.95,13.2,0.09,60.1,0.404,0.32,0.098,577.5,0.284,346.15,61,0.125765952,-1.018037148,0.529020646,1.54808E-06,1.54808E-06,7.56728E-05,0.000253353,-0.722072148
Calhoun,6957,0.333157744,66.66666667,30.44415696,0.474342389,2.41483398,42.5,0.436,26.3,17.2,21.3,1.05,17.25,16.8,0.08,75.4,0.247,0.284,0.104,307.8,0.247,522.36,70.1,0.94218568,-0.451421303,0.580905928,4.706E-05,4.706E-05,4.8183E-05,0.000356799,-0.489775262
Callahan,5556,0.413947251,87.43700504,10.22318215,0.413966883,1.925845932,55.7,0.423,26.25,15.45,25.8,1.4,19.05,12.05,0.1,41.5,0.214,0.296,0.098,207.2,0.255,95.14,87.7,0.342903237,-0.164370049,0.537999007,2.88483E-05,2.88483E-05,3.57586E-05,0.000270551,-0.664215944
Cameron,91804,0.232594788,32.05960525,64.6148316,0.895385822,2.430177334,43.2,0.492,26.6,23.6,26.4,1.05,10.2,12.15,0.08,80,0.373,0.27,0.083,396.3,0.359,319.26,30.7,-0.30310085,-1.640432804,1.522573786,0.000212704,0.000212704,0.000388171,0.001445767,2.321883494
Camp,4542,0.36496585,70.47556143,27.74108322,0.330250991,1.453104359,19.4,0.436,24.7,15.65,20.75,3.75,10,25.2,0.07,79.8,0.372,0.317,0.127,370.8,0.29,248.23,94.4,0.545577103,-1.239255821,0.649291022,7.17739E-07,7.17739E-07,0.000136046,0.000540735,-0.434502411
Carson,2945,0.473929836,88.86247878,8.455008489,0.373514431,2.308998302,52.6,0.385,33.7,9.9,23,3.3,11.35,18.7,0.09,27.8,0.226,0.3,0.108,159.8,0.153,192.27,98.6,1.509589309,0.515684233,0.659250472,-1.82977E-05,1.82977E-05,0.000127546,0.000410128,-0.353026263
Cass,11606,0.388303389,79.11425125,19.38652421,0.284335688,1.214888851,53.6,0.456,24.85,17.5,22.4,2.15,12.55,20.55,0.09,56.3,0.4,0.294,0.114,287.5,0.237,290.87,89.3,0.730493674,-0.879193856,0.435584621,-1.39928E-06,1.39928E-06,4.82016E-05,0.000192619,-0.90559694
Castro,1996,0.261017392,70.79158317,26.35270541,0.501002004,2.354709419,36.7,0.419,29.05,16.7,18.95,9.75,8.3,17.25,0.08,83.8,0.278,0.296,0.1,209.5,0.337,154.39,71.4,-0.683486587,-1.071963642,0.983173056,9.89575E-05,9.89575E-05,0.000123066,0.000375729,0.45837951
Chambers,16661,0.518275422,79.69509633,17.6399976,0.354120401,2.310785667,30.9,0.384,29.75,13.7,20.95,0.9,17.65,17.05,0.07,39.2,0.194,0.302,0.092,53.4,0.193,261.18,81,1.584826823,0.225961035,0.636118252,1.49764E-05,1.49764E-05,6.90924E-05,0.000192603,-0.531415793
Cherokee,16701,0.337782902,77.21693312,20.75324831,0.203580624,1.82623795,30.2,0.45,22.55,22.45,18.6,2.15,11.75,22.55,0.08,73.9,0.376,0.336,0.114,430.2,0.302,456.95,93.6,-0.043031529,-1.348198628,0.580634537,-5.46009E-05,5.46009E-05,0.000144471,0.00037279,-0.235197098
Childress,2084,0.286067261,86.46833013,12.14011516,0.239923225,1.151631478,39.5,0.438,24.95,29.25,24.2,1.7,10.85,9,0.1,107.5,0.324,0.292,0.096,386.6,0.239,335.52,64.7,0.811680077,-1.106422493,0.96250944,8.12633E-05,8.12633E-05,0.000140739,0.000798944,0.38319592
Clay,5011,0.458588817,87.32787867,10.69646777,0.239473159,1.736180403,23.8,0.385,34.15,14.05,24.15,2.7,10.7,14.3,0.07,35.5,0.17,0.293,0.121,83.9,0.228,73.6,76.9,1.122829956,0.33417955,0.574219314,-4.82722E-06,4.82722E-06,9.16779E-05,0.00036009,-0.611150892
Cochran,901,0.290364164,75.36071032,21.08768036,0.332963374,3.218645949,37,0.397,24.7,16.6,17.6,14.05,12.6,14.45,0.08,76.7,0.196,0.303,0.111,321.6,0.335,54.18,,-0.276216124,-1.347884641,1.064021776,8.55147E-05,8.55147E-05,0.000273237,0.000906503,0.834639052
Coke,1423,0.417914831,88.89669712,9.838369642,0.140548138,1.124385102,50,0.381,29.1,21.25,20.3,2.65,14.15,12.5,,35.4,0.304,0.302,0.118,181.5,0.303,29.54,,-0.357651549,-0.643000073,0.820867802,7.09377E-05,7.09377E-05,9.48472E-05,0.000552802,0.044969021
Coleman,3635,0.417049105,87.4002751,10.64649243,0.495185695,1.458046768,25.7,0.497,30.55,19.85,15.75,2.95,10.9,20,0.1,80.5,0.34,0.273,0.116,182.6,0.281,124.53,103.9,-0.024297492,-1.486117273,1.165454266,8.39762E-05,8.39762E-05,0.000303126,0.001097871,1.025533536
Collin,356545,0.471665915,56.20468665,39.2200143,0.707624564,3.867674487,53.3,0.424,49.5,11.4,27.7,0.1,5.75,5.5,0.08,21.6,0.194,0.245,0.08,275.5,0.16,182.81,32.4,1.845511286,1.394676575,0.865370584,-0.000202005,0.000202005,0.000334346,0.000770487,1.297381129
Collingsworth,1154,0.381487603,85.18197574,12.56499133,0.346620451,1.906412478,4.9,0.496,36,17.35,21.95,7.8,7.25,9.65,0.08,85.9,0.349,0.301,0.111,258.7,0.363,10.94,,1.114663235,-1.092248117,1.043794698,7.92058E-05,7.92058E-05,0.000144755,0.000632095,0.48706772
Colorado,8480,0.409384957,74.56367925,23.31367925,0.424528302,1.698113208,32.9,0.46,27.05,15.8,22.2,2.5,13.65,18.75,0.07,50.8,0.328,0.288,0.115,264.2,0.268,254.02,81,-0.731802734,-0.612117165,0.519676938,2.23672E-05,2.23672E-05,3.56993E-05,0.000127619,-0.720397544
Comal,61567,0.576923798,73.08460701,23.00907954,0.557116637,3.34919681,38.8,0.439,37.6,13.6,27.15,0.15,11.05,10.45,0.07,41.9,0.204,0.291,0.102,254.5,0.208,275.89,67.4,0.711514,0.568614501,0.454455555,-4.53119E-05,4.53119E-05,0.000102633,0.000329745,-0.539110942
Comanche,5208,0.378901419,82.56528418,15.13056836,0.403225806,1.900921659,23.4,0.43,27,18.1,19.95,7.95,10,17.05,0.07,72,0.238,0.288,0.11,165.6,0.329,230.3,103.9,0.337774205,-0.947724625,0.831975505,5.39196E-05,5.39196E-05,0.000132694,0.00037052,0.059755893
Concho,1067,0.277286902,82.94283037,13.87066542,0.656044986,2.530459231,20.3,0.415,35.45,18.85,14.65,6.1,16.05,8.9,,68.6,0.459,0.314,0.091,122.5,0.273,83.85,,0.069673789,-1.150090374,0.935037458,3.63101E-05,3.63101E-05,0.000170571,0.000554368,0.190534171
Cooke,15894,0.413583138,82.88662388,14.75399522,0.377500944,1.981879955,38.3,0.438,27.7,17.75,21.9,0.55,12.5,19.5,0.08,59.3,0.277,0.316,0.102,260.4,0.261,260.68,87.2,0.076922956,-0.197927753,0.545657546,3.40437E-05,3.40437E-05,4.1245E-05,0.000325074,-0.615992878
Coryell,18127,0.244952839,67.36911789,27.8976113,0.882661224,3.850609588,43.5,0.382,26.3,21.3,24.95,0.65,16.95,9.85,0.08,47.7,0.302,0.295,0.087,450.9,0.181,219.27,45.4,0.594800716,-0.200930204,0.732335427,5.71775E-05,5.71775E-05,7.0624E-05,0.00065042,-0.192851903
Cottle,583,0.364375,83.3619211,14.40823328,0.343053173,1.886792453,31.3,0.393,25.25,27.95,19.6,7.65,5.6,13.9,,69.2,0.284,0.29,0.125,,0.327,43.16,,-2.177769092,-0.271569092,1.053586919,0.000116546,0.000116546,0.000155428,0.000891943,0.710256502
Crane,1381,0.333574879,75.81462708,21.65097755,0.506879073,2.027516293,39.7,0.387,21.85,20.8,20.45,0,15.55,21.35,0.13,54.8,0.203,0.296,0.098,228.2,0.254,116.54,,-0.326309745,-1.025956161,0.814172171,6.44911E-05,6.44911E-05,0.000172449,0.000614462,0.179232151
Crockett,1395,0.371900826,70.25089606,26.66666667,0.286738351,2.795698925,70.1,0.47,20.15,14.1,22.55,1.2,18.7,23.25,0.08,96.7,0.261,0.305,0.103,564.2,0.294,,,-1.021951143,-1.159967109,1.074040833,9.0749E-05,9.0749E-05,0.000157616,0.00061814,0.612828463
Crosby,1712,0.276798707,68.92523364,27.3364486,0.292056075,3.446261682,32.5,0.45,29.75,19.75,19.9,7.8,10.2,12.6,0.1,104,0.265,0.28,0.11,508.9,0.275,152.56,64.4,-0.551552848,-1.342874194,0.82702577,6.3327E-05,6.3327E-05,0.000171181,0.000414113,0.187175767
Culberson,762,0.312679524,36.74540682,59.58005249,0.656167979,3.018372703,0,0.541,34.5,29.45,20.4,0.65,9.8,5.2,0.09,86.2,0.188,0.29,0.105,335.7,0.343,110.68,,-2.001063265,-2.28360893,1.790592677,0.000143677,0.000143677,0.000695812,0.002230339,3.017904658
Dallam,1535,0.238799004,81.95439739,14.46254072,0.586319218,2.996742671,48.8,0.396,18.8,16.35,20.5,6.05,15.7,22.6,0.08,103.2,0.309,0.284,0.091,451.5,0.346,237.07,68.1,-0.819428752,-0.88922349,1.18698676,0.000133696,0.000133696,0.000140487,0.000876048,0.934636335
Dallas,750649,0.315978653,34.88514605,61.12643859,0.810631867,3.177783491,38.1,0.492,31.7,16.55,25.85,0.2,12.55,13.2,0.08,67.8,0.38,0.303,0.092,714.6,0.305,498.24,52,-0.437630603,-0.746817377,0.988973483,7.50902E-05,7.50902E-05,9.33296E-05,0.000333216,0.279603665
Dawson,3562,0.257518797,74.00336889,23.44188658,0.308815272,2.245929253,36.7,0.455,27.65,20.55,23.95,6.8,10.5,10.5,0.11,97.2,0.271,0.299,0.102,603.6,0.268,334.69,60.7,0.064208712,-1.420645979,0.7743255,2.01065E-05,2.01065E-05,0.000146462,0.000389963,-0.15254167
De Witt,6822,0.341800691,80.7681032,17.01846966,0.395778364,1.817648783,51,0.444,24.25,18.5,22.05,1.55,15.4,18.3,0.07,63.1,0.366,0.281,0.107,395,0.24,184.41,63.9,0.004299334,-0.83674064,0.630428247,2.89116E-05,2.89116E-05,6.82482E-05,0.000282003,-0.47109535
Deaf Smith,4201,0.222841078,69.29302547,28.20756963,0.333253987,2.166150916,48.7,0.39,22.9,16.2,21.4,6.25,11.45,21.8,0.08,97.2,0.297,0.317,0.092,316.4,0.314,377.99,54.6,-1.567175861,-1.00387881,0.944454084,0.000107256,0.000107256,0.000123709,0.000567478,0.451213287
Delta,2279,0.427419355,80.56164985,17.5515577,0.30715226,1.579640193,57.5,0.451,25.35,15.9,20.95,1.6,13.55,22.7,0.09,51,0.291,0.299,0.116,249.4,0.257,130.84,83.9,-0.62411465,-0.5187974,0.477536675,1.5908E-05,1.5908E-05,2.33439E-05,0.000115529,-0.835008432
Denton,293287,0.460254414,57.68240665,37.50592423,0.897755441,3.913913675,52.1,0.422,41.05,13.55,29.25,0.15,7.3,8.65,0.07,26.8,0.224,0.295,0.084,285,0.175,186.09,34.3,0.640207479,1.062187204,0.641576873,-0.000144135,0.000144135,0.000226928,0.000790607,0.476716045
Dickens,909,0.369362048,83.05830583,14.08140814,0.330033003,2.530253025,78.1,0.478,27.5,21.85,18.95,10.75,13.75,7.25,,61.1,0.331,0.294,0.107,,0.27,122.23,,1.270201538,-1.494874167,0.883729273,-3.35883E-05,3.35883E-05,0.000210088,0.000991169,0.199784058
Dimmit,3225,0.325297559,30.20155039,67.37984496,0.651162791,1.76744186,28.3,0.45,23.9,26.45,21.8,2.25,14,11.55,0.08,87.4,0.357,0.306,0.108,573.2,0.271,471.24,72.7,-0.278466607,-2.219346485,1.209179865,1.492E-05,1.492E-05,0.000405068,0.001117384,0.967280065
Donley,1460,0.395663957,83.90410959,13.01369863,0.342465753,2.739726027,0,0.409,33.8,20.3,18.3,3.35,14.6,9.7,0.09,37.7,0.382,0.313,0.118,465.6,0.286,194.9,,0.060199374,-0.332973799,0.963242484,6.86254E-05,6.86254E-05,7.55165E-05,0.000438395,0.173863319
Duval,4159,0.346872394,31.64222169,66.91512383,0.264486655,1.178167829,25.2,0.467,19.8,24.5,18.45,3.45,15.95,17.85,0.1,84.7,0.379,0.301,0.102,437.1,0.251,620.98,66.6,-1.547495437,-1.948886111,0.90924956,-8.74987E-05,8.74987E-05,0.000330297,0.000796245,0.77321587
Eastland,6935,0.376472504,86.63302091,11.18961788,0.447007931,1.73035328,36.9,0.451,27.75,20.7,21.9,2.3,12.65,14.7,0.08,51.3,0.36,0.324,0.126,209.3,0.282,211.66,88.4,0.618618535,-1.257149266,0.79785361,4.40177E-05,4.40177E-05,0.000156419,0.000587903,0.01973702
Ector,36373,0.273359938,68.66631842,28.11151129,0.459131774,2.763038518,34.7,0.473,22.25,16.7,27.3,0.25,16,17.55,0.1,95.9,0.387,0.32,0.104,580.3,0.275,666.43,76.2,-0.339167925,-1.057759,0.902789628,5.31354E-05,5.31354E-05,0.00011443,0.000475542,0.106175378
Edwards,1065,0.544757033,69.57746479,28.35680751,0.469483568,1.596244131,39.7,0.626,32.35,12,21.8,3.7,20.3,9.9,,72.9,0.414,0.288,0.117,457.8,0.353,250.84,,-0.996291088,-1.382518373,1.204398528,8.06564E-05,8.06564E-05,0.000228356,0.000812417,0.89058292
El Paso,210458,0.275100945,25.92773855,69.13921067,1.384599302,3.548451473,42.5,0.47,28.6,19.85,27.5,0.4,9.8,13.85,0.09,68.7,0.366,0.234,0.084,551.7,0.309,416.96,41.2,-0.575393124,-0.98838961,1.152798996,0.0001508,0.0001508,0.000219989,0.000990383,1.155242782
Ellis,63064,0.432007344,71.0500444,25.6834327,0.510592414,2.755930483,40.4,0.404,31.1,14.7,26.6,0.3,12.7,14.6,0.08,46.6,0.281,0.291,0.098,364.6,0.226,216.98,48.7,0.839543256,0.142555368,0.448291148,-4.8362E-06,4.8362E-06,4.6964E-05,0.000264622,-0.874801412
Erath,13810,0.376581588,81.13685735,15.63359884,0.492396814,2.737146995,43.5,0.466,30.55,13.35,25.75,4.45,10.9,15.15,0.07,30.6,0.294,0.281,0.091,342.3,0.323,184.38,66.3,0.291349769,-0.390428447,0.777489651,6.26192E-05,6.26192E-05,6.47039E-05,0.000637561,-0.120664046
Falls,5232,0.299707854,65.71100917,32.14831804,0.420489297,1.720183486,47.1,0.433,23.9,25.55,21.8,1.95,11.8,14.95,0.1,63.5,0.377,0.31,0.123,613,0.27,196.76,70.8,-0.75684459,-1.809275527,0.674497973,-7.60932E-05,7.60932E-05,0.000218558,0.000751747,0.160641434
Fannin,11972,0.358453846,79.65252255,17.73304377,0.38422987,2.230203809,36.2,0.417,26.5,17.15,22.2,1.5,15.2,17.5,0.07,57.4,0.275,0.321,0.108,235.6,0.255,146.04,81.7,0.235612311,-0.765036912,0.767698801,9.32578E-05,9.32578E-05,9.73027E-05,0.001445793,0.093222985
Fayette,11029,0.467588078,78.41146069,19.28551999,0.408015233,1.89500408,37.1,0.446,29.85,16.8,22.4,1.55,12.6,16.7,0.08,38.7,0.227,0.278,0.113,234.5,0.237,129.75,91.8,0.937715758,-0.189059614,0.490749613,2.47854E-05,2.47854E-05,2.86832E-05,0.00018158,-0.761551576
Fisher,1722,0.430392402,73.46109175,23.40301974,0.580720093,2.555168409,65.7,0.413,33.05,18.45,13.3,5.6,15.35,14.2,0.1,52.3,0.169,0.307,0.12,434.3,0.25,168.01,,1.169204527,-0.550948918,0.857375316,5.62007E-05,5.62007E-05,6.73777E-05,0.000431065,-0.043404733
Floyd,1958,0.298293723,75.22982635,22.2165475,0.153217569,2.40040858,48.5,0.417,29.3,13.6,23.95,9.85,10.7,12.7,0.1,92.7,0.382,0.289,0.122,328.4,0.268,356.37,93.9,0.074135082,-1.320352124,0.673231692,3.04851E-05,3.04851E-05,0.000140241,0.000506426,-0.245451292
Foard,511,0.384210526,74.95107632,22.11350294,0.195694716,2.739726027,59.5,0.458,30.8,23,15.05,11.25,8.5,11.4,,44.9,0.39,0.284,0.123,,0.339,74.31,,-0.132980886,-1.258872957,0.865159808,3.2319E-06,3.2319E-06,0.000158767,0.000567411,-0.091606622
Fort Bend,260367,0.476219828,45.01799383,51.64825035,0.684418532,2.649337282,53.3,0.425,44.7,12.45,26.95,0.2,7.05,8.7,0.09,24.8,0.223,0.252,0.079,201.8,0.198,315.7,34.5,0.656986779,0.993423009,0.832388472,-0.000100125,0.000100125,0.000266312,0.000515049,0.592512517
Franklin,4356,0.404832714,82.2543618,15.26629936,0.275482094,2.203856749,24.6,0.486,28.9,19.35,20.6,1.65,13.9,15.55,0.07,56.2,0.307,0.283,0.111,331.7,0.245,202.22,89.9,1.990879936,-0.451508774,0.537908899,2.38691E-05,2.38691E-05,2.57556E-05,0.000133152,-0.711766171
Freestone,7608,0.392650702,78.79863302,19.20347003,0.170872766,1.827024185,46.5,0.484,34.3,14.7,20.15,3.45,13.9,13.55,0.09,60.8,0.245,0.315,0.114,350.5,0.249,269,85.3,-0.239739941,-0.59522866,0.494286928,2.43183E-05,2.43183E-05,3.67131E-05,0.000152305,-0.741191782
Frio,2683,0.160889902,45.91874767,52.21766679,0.48453224,1.379053299,43,0.436,21.5,23.85,24.3,4.8,13.35,12.15,0.09,95.8,0.343,0.297,0.088,448.3,0.239,213.84,51.9,-1.615489477,-1.334981051,0.954492063,7.45714E-05,7.45714E-05,0.000159976,0.00056135,0.382824917
Gaines,4609,0.284805042,84.76893035,12.9529182,0.433933608,1.844217835,30.4,0.511,25.1,15.3,17.85,8.2,18.45,15.05,0.07,70.4,0.174,0.318,0.097,194.4,0.342,84.99,68.5,0.327135019,-0.639086319,1.332316874,0.000198758,0.000198758,0.00019148,0.001539082,1.562454305
Galveston,123994,0.4322246,59.33029018,36.69774344,0.713744213,3.258222172,52.5,0.449,37.75,16.65,23.45,0.2,10.6,11.25,0.09,46.3,0.292,0.293,0.099,401.4,0.208,348.27,72.4,0.903873186,-0.013357541,0.489227674,1.6975E-05,1.6975E-05,4.37457E-05,0.000136454,-0.768529498
Garza,1475,0.263298822,82.91525424,15.18644068,0.474576271,1.423728814,49.8,0.477,30.6,15.95,22.35,0.95,16.25,13.9,0.11,84.9,0.317,0.329,0.092,243.8,0.228,56.6,64.4,0.374287302,-1.246474446,0.946611958,7.96711E-05,7.96711E-05,0.000157295,0.00047556,0.392052358
Gillespie,13123,0.543125569,79.59308085,17.4197973,0.464832736,2.522289111,54.6,0.436,33.55,15.7,25.05,2.35,13.6,9.8,0.08,48,0.263,0.295,0.116,115.5,0.265,59.18,66.2,0.472142145,0.36637534,0.668662442,6.4651E-06,6.4651E-06,0.000108071,0.000726576,-0.443885889
Glasscock,602,0.457099468,91.86046512,5.647840532,0.332225914,2.159468439,50,0.4,29.6,7.1,18.15,15.6,11.95,17.65,,,0.141,0.298,0.1,,0.258,108.93,,1.792322833,0.50600702,0.955180098,2.8113E-05,2.8113E-05,0.000192935,0.000822606,0.226108334
Goliad,3713,0.522369162,70.50902235,26.20522489,0.565580393,2.720172367,74.5,0.456,25.45,24.3,20.4,2.25,14.7,12.85,0.09,43.3,0.324,0.304,0.116,262.3,0.21,197.69,58.7,0.277925527,-0.273297907,0.629719603,2.61637E-05,2.61637E-05,3.31462E-05,0.00029348,-0.564940375
Gonzales,6304,0.320683691,72.65228426,24.8572335,0.444162437,2.046319797,43.6,0.449,26.8,15.55,21.55,8.3,9.3,18.5,0.09,86.7,0.377,0.322,0.112,482.3,0.31,578.78,89.7,-0.485674769,-1.56461651,0.769433622,-2.98745E-05,2.98745E-05,0.000148419,0.000768677,-0.10567734
Gray,7360,0.332085007,88.24728261,9.497282609,0.298913043,1.956521739,43.8,0.469,22.95,17.3,25,2.6,15.85,16.4,0.09,76.4,0.263,0.304,0.123,303.2,0.282,545.88,95.1,0.059503731,-0.982334298,0.882850467,4.94268E-05,4.94268E-05,9.69228E-05,0.000428993,0.022374384
Grayson,47068,0.394220864,74.94263619,21.83224271,0.558766041,2.666355061,40.7,0.424,30.2,17.8,26.2,0.75,10.6,14.5,0.08,57.8,0.37,0.27,0.102,327,0.243,279.57,75.3,0.657307713,-0.238582061,0.505113281,4.46168E-05,4.46168E-05,4.46871E-05,0.000242143,-0.607846763
Gregg,41365,0.34668734,69.36540554,28.09863411,0.362625408,2.173334945,46.2,0.459,29.5,17.05,25.7,0.4,11.1,16.25,0.1,73.6,0.38,0.324,0.112,813.3,0.241,585.09,75.1,-0.083546085,-0.788786207,0.716815137,3.48252E-05,3.48252E-05,5.80732E-05,0.000185846,-0.352847446
Grimes,9528,0.364889706,74.14987406,23.02686818,0.524769102,2.298488665,26.3,0.438,22.25,22.6,23.25,1.6,12.4,17.9,0.08,57.7,0.401,0.346,0.106,494.7,0.281,316.42,80.9,-0.293708055,-0.918345123,0.582127217,-7.78373E-06,7.78373E-06,5.72434E-05,0.000223778,-0.663866784
Guadalupe,57220,0.469401148,63.7801468,31.99580566,0.71478504,3.509262496,38.7,0.395,33.55,15.65,26.85,0.3,10.35,13.25,0.08,44.4,0.24,0.299,0.085,264.4,0.207,219.32,53.7,0.743744342,0.400773179,0.446668134,-2.71764E-05,2.71764E-05,7.42578E-05,0.000240665,-0.703761172
Hale,8802,0.245153743,72.10861168,23.7446035,0.477164281,3.669620541,42.1,0.432,25.85,17.3,23.55,3.5,9,20.75,0.09,97.7,0.349,0.282,0.098,548,0.27,237.93,55.5,0.589934991,-1.127870002,0.758572183,5.76102E-05,5.76102E-05,9.87658E-05,0.000449042,-0.093270685
Hall,1089,0.319917744,81.81818182,15.05968779,0,3.122130395,55.2,0.543,33.9,16.75,20.4,9,9,11,0.1,75.2,0.348,0.287,0.118,385,0.361,236.64,,0.523898002,-1.599989117,0.925656999,3.90718E-06,3.90718E-06,0.000206803,0.000836057,0.098368963
Hamilton,3609,0.435659102,84.6771959,13.27237462,0.277085065,1.773344417,38.6,0.444,28.35,19.45,20.45,4.2,16.25,11.25,0.06,49,0.234,0.291,0.12,165.3,0.267,264.54,106.2,0.976723995,-0.093901976,0.603873874,4.21467E-05,4.21467E-05,5.10703E-05,0.000422285,-0.478100762
Hansford,1947,0.358629582,88.85464818,8.782742681,0.462249615,1.900359527,25.1,0.389,30.35,10.75,22.8,7.3,13.55,15.3,0.07,48.8,0.233,0.284,0.1,71.7,0.302,132.35,80.5,1.030593271,-0.089548788,0.716380502,4.67201E-05,4.67201E-05,7.79707E-05,0.000758672,-0.249116816
Hardeman,1511,0.36630303,79.88087359,16.47915288,0.463269358,3.176704169,49.6,0.385,31.75,21.1,19.65,1.95,11.5,14.05,0.08,63.2,0.379,0.303,0.115,263.4,0.264,252.46,,0.506304884,-0.819548095,0.594266859,2.00958E-05,2.00958E-05,6.29148E-05,0.000393617,-0.573898333
Hardin,22768,0.427817133,86.08573436,12.20572734,0.180077301,1.528460998,48.7,0.419,28,14.6,25,0.6,16.2,15.5,0.08,51.3,0.291,0.316,0.113,249.8,0.196,161.27,86.5,0.179327415,-0.073874507,0.549847304,2.966E-05,2.966E-05,4.90978E-05,0.000171394,-0.614745442
Harris,1302887,0.325630248,41.82711164,54.22350519,0.902227131,3.047156047,41.4,0.488,33.25,16.55,24.85,0.2,12.2,13,0.09,57.9,0.35,0.285,0.08,517.4,0.285,779.22,55.7,-0.159445456,-0.544796079,0.925773019,8.57475E-05,8.57475E-05,8.54178E-05,0.000309181,0.233260386
Harrison,26364,0.408244166,70.97557275,27.04445456,0.284478835,1.695493855,46.2,0.45,25.75,17.2,23.95,0.55,14.25,18.25,0.1,59,0.37,0.332,0.113,508.3,0.244,445.85,83.5,0.783545211,-0.844447664,0.490266062,-1.4469E-06,1.4469E-06,4.9082E-05,0.000202272,-0.832681251
Hartley,1945,0.348878924,88.79177378,8.843187661,0.154241645,2.210796915,32.4,0.437,44.2,13,20.3,5.5,6.95,9.95,0.06,40.6,0.137,0.315,0.102,,0.237,207.12,,-0.952032799,0.442830928,0.799774406,1.43066E-05,1.43066E-05,0.000133317,0.000533231,-0.178265247
Haskell,1765,0.318477084,79.49008499,17.79036827,0.339943343,2.379603399,40.4,0.476,26.75,19.2,23.05,4.05,14.75,12.25,0.09,64.5,0.378,0.284,0.115,267.2,0.269,128.96,82.1,1.210507669,-0.914668332,0.531334742,5.16566E-06,5.16566E-06,6.15097E-05,0.000238721,-0.732976435
Hays,71524,0.479258103,47.15899558,46.30194061,1.475029361,5.06403445,34.4,0.459,37.5,17.15,27.35,0.25,9.55,8.2,0.08,28.4,0.246,0.303,0.078,698,0.225,210.68,48.2,0.165607681,0.431814671,0.730027689,1.00384E-05,1.00384E-05,0.000135399,0.000625225,-0.285045348
Hemphill,1687,0.470571827,86.54416123,10.72910492,0.118553646,2.608180202,43.3,0.429,31.3,11.9,18.55,1.1,15.85,21.4,0.07,57.6,0.254,0.303,0.096,302.3,0.249,429.07,,0.453170084,-0.328741868,0.716065799,5.52963E-05,5.52963E-05,5.67078E-05,0.000337993,-0.254680359
Henderson,29855,0.379578656,78.96164797,18.92145369,0.338301792,1.77859655,34.3,0.46,25.6,18.45,24.95,1.3,14.75,14.95,0.07,66.2,0.308,0.276,0.109,268.9,0.285,428.58,84.3,0.177190958,-0.661050482,0.627708293,3.19155E-05,3.19155E-05,5.55023E-05,0.000154091,-0.488373581
Hidalgo,172990,0.234171209,28.09873403,68.6392277,1.072316319,2.189721949,38.6,0.491,26.25,23.35,26,1.85,11.8,10.7,0.08,83,0.328,0.311,0.096,420.4,0.389,337.58,31.4,-0.46212291,-1.752802944,1.549141712,0.000199219,0.000199219,0.000412369,0.001596287,2.343498786
Hill,12906,0.366814461,78.06446614,19.64202696,0.309933364,1.983573532,31.3,0.437,25.25,17.55,20.95,1.8,16.75,17.65,0.08,64.2,0.308,0.335,0.114,443.6,0.28,108.46,74,0.11900352,-1.01766952,0.709689328,3.72066E-05,3.72066E-05,9.37808E-05,0.000307617,-0.26959413
Hockley,7282,0.321543692,79.55232079,17.26174128,0.453172205,2.732765724,35.5,0.433,28.95,16.55,23.9,2.95,16,11.6,0.1,70.3,0.284,0.291,0.094,615.9,0.257,404.19,68.9,0.414858952,-0.675843049,0.784368235,6.04113E-05,6.04113E-05,7.03862E-05,0.000245162,-0.109974459
Hood,26120,0.519583856,81.80321593,15.31776417,0.432618683,2.446401225,38.6,0.446,32.9,15.9,24.25,0.8,14.5,11.7,0.07,53.7,0.244,0.286,0.109,255.5,0.237,175.26,72.7,0.784773869,-0.068481481,0.623333665,3.77444E-05,3.77444E-05,5.30764E-05,0.000234919,-0.470398038
Hopkins,13476,0.390472879,79.43009795,18.61086376,0.326506382,1.632531909,25.4,0.433,27.65,17,21.2,3.55,9.85,20.75,0.08,57.5,0.238,0.325,0.113,296.9,0.289,183.62,83.4,0.827659697,-0.577891416,0.541011394,2.83646E-05,2.83646E-05,4.09909E-05,0.000233832,-0.650929588
Houston,8302,0.358277231,74.74102626,23.8255842,0.349313418,1.084076126,48.1,0.493,22.6,24.95,22.9,1.9,11.7,15.9,0.1,64.1,0.41,0.298,0.125,238.5,0.288,192.54,81.2,-0.452257014,-1.491483824,0.623315636,-6.83446E-05,6.83446E-05,0.000168304,0.00052894,-0.057615535
Howard,8692,0.258167993,76.33456052,20.34054303,0.644270594,2.680625863,38.4,0.437,27.05,21.5,21.95,0.65,15.75,13.15,0.1,86.1,0.455,0.323,0.106,566.6,0.231,576.37,71.7,-0.205023736,-1.370339525,0.665762016,-2.25897E-05,2.25897E-05,0.000130908,0.000325203,-0.315590833
Hudspeth,871,0.262191451,57.74971297,37.19862227,0.688863375,4.362801378,40.6,0.498,26.7,18.3,18.35,7.4,15.15,14.1,0.1,75.3,0.389,0.287,0.107,555.1,0.375,128.17,,-1.815153794,-2.779803364,1.510342111,2.51375E-05,2.51375E-05,0.000534314,0.001453102,1.699280995
Hunt,31185,0.370517786,76.5303832,20.20522687,0.51627385,2.748116081,41.9,0.453,28.8,15.5,26.1,0.7,13.15,15.65,0.08,56.9,0.329,0.324,0.111,389.5,0.26,411.76,75.7,0.067823713,-0.732563475,0.452778569,1.67248E-05,1.67248E-05,3.5664E-05,0.00016058,-0.835136376
Hutchinson,8126,0.370796258,86.62318484,10.50947576,0.283042087,2.584297317,51.1,0.419,25.25,16.75,25.15,0.8,16.4,15.7,0.1,67.9,0.346,0.327,0.108,271.1,0.244,896.16,82.4,0.11079558,-0.842481534,0.710660617,2.87E-05,2.87E-05,7.56281E-05,0.000310792,-0.351776
Irion,760,0.463980464,86.84210526,11.84210526,0.131578947,1.184210526,34,0.489,25.5,17.9,20.8,8.5,12.45,14.85,,38.5,0.12,0.291,0.113,246.9,0.254,81.2,,1.472385532,0.53709976,1.012332633,8.68584E-05,8.68584E-05,0.000232269,0.000803371,0.682081409
Jack,3339,0.376564791,89.03863432,9.404013178,0.299490866,1.257861635,39.4,0.421,25.6,16.9,24.45,0.45,16.9,15.65,0.1,59.5,0.294,0.285,0.097,132.8,0.258,125.54,92.6,0.669188307,-0.770860648,0.744500914,4.79496E-05,4.79496E-05,8.72804E-05,0.00031687,-0.185616173
Jackson,5275,0.374166548,80.87203791,17.13744076,0.511848341,1.478672986,45,0.457,30.9,15.05,19.4,5.25,13.6,15.85,0.07,69.1,0.331,0.317,0.11,277.9,0.241,237.21,77.2,0.59028373,-0.248647828,0.64413259,4.73067E-05,4.73067E-05,6.06697E-05,0.000327619,-0.378628603
Jasper,13351,0.380695751,79.23002022,19.33937533,0.277132799,1.15347165,46.5,0.441,26.75,16.8,23.45,2.4,14.9,15.7,0.11,66.1,0.336,0.303,0.121,349.9,0.249,291.22,86.3,-0.428084153,-0.928652868,0.457608649,4.59764E-06,4.59764E-06,4.35332E-05,0.000267262,-0.871688789
Jeff Davis,1175,0.518306131,59.06382979,35.91489362,1.446808511,3.574468085,0,0.407,38.25,18.5,19.5,7.1,8.15,8.5,,38.4,0.404,0.261,0.125,,0.305,199.57,,-0.161609949,-0.354073086,1.116883184,0.000118605,0.000118605,0.00012639,0.000515483,0.736844197
Jefferson,87363,0.353018903,49.02304179,48.53771047,0.480752721,1.958495015,46.7,0.468,30,18.5,24.55,0.35,12.25,14.35,0.1,55.4,0.447,0.355,0.128,552.2,0.241,637.4,75.4,-0.491903106,-1.072764616,0.595100591,-2.20631E-05,2.20631E-05,8.78707E-05,0.000236688,-0.506684037
Jim Hogg,2119,0.412577882,20.29259084,77.15903728,0.566304861,1.982067013,14.1,0.427,18.15,29.8,14.4,3.15,16.35,18.2,0.11,115.6,0.51,0.295,0.102,455.8,0.28,165.54,,-0.770586223,-1.629654295,1.30610016,1.30614E-05,1.30614E-05,0.000329387,0.000893035,0.912521457
Jim Wells,12346,0.302175882,43.82796047,54.17139154,0.323991576,1.676656407,52.8,0.452,25.55,19.35,27.2,1.6,13.65,12.7,0.11,86.4,0.427,0.302,0.094,614.4,0.228,661.34,62,-0.919056268,-1.326337033,0.81226584,2.21975E-05,2.21975E-05,0.000172205,0.000523238,-0.034964384
Johnson,57270,0.38051892,77.47511786,19.16535708,0.562248996,2.797276061,29.9,0.405,28.4,15.25,24.75,0.45,13.45,17.7,0.08,58.2,0.271,0.326,0.127,329.3,0.261,250,63.7,0.36422953,-0.226276318,0.688749061,4.81956E-05,4.81956E-05,5.99869E-05,0.000315559,-0.318051229
Jones,5932,0.300933442,81.16992583,15.76196898,0.354012138,2.714093055,32.3,0.412,26.4,20.8,20.35,2.15,15.95,14.35,0.08,68.8,0.251,0.311,0.099,193.6,0.264,315.61,61.5,0.572850767,-0.749184993,0.957247077,6.22534E-05,6.22534E-05,8.16815E-05,0.000282359,0.148206929
Karnes,4185,0.280082988,70.70489845,27.33572282,0.286738351,1.672640382,19.9,0.441,29.05,21.8,20.15,2.6,12.55,13.85,0.1,79.5,0.36,0.285,0.096,240.9,0.218,206.74,65.9,0.637298171,-1.292691769,1.070645576,6.91142E-05,6.91142E-05,0.000178846,0.00090605,0.548317183
Kaufman,40979,0.411142659,72.07838161,25.04941555,0.480734035,2.391468801,34.4,0.394,31.55,14.95,27.8,0.3,11.7,13.75,0.08,52.5,0.286,0.372,0.101,318,0.24,338.65,61.2,0.507025181,-0.172859485,0.73519771,6.28092E-05,6.28092E-05,6.74581E-05,0.000399772,-0.168175166
Kendall,19936,0.616221563,78.56641252,18.22331461,0.431380417,2.778892456,45.6,0.477,43.25,15.15,22.2,0.9,11.7,6.75,0.08,25.6,0.184,0.242,0.102,253,0.201,109.23,70.6,1.255133121,0.908879554,0.63748904,-7.03128E-05,7.03128E-05,0.000201671,0.000875282,0.045828239
Kenedy,186,0.494680851,45.16129032,53.22580645,0,1.612903226,,0.417,24.5,4.5,16.75,29.25,23.7,1.3,,,0,0.295,0.101,,0.211,652.53,,0.151426088,,,,,,,
Kent,433,0.573509934,83.1408776,13.62586605,0,3.233256351,0,0.377,40.45,12.7,17.1,4.2,7.85,17.7,,,0.221,0.292,0.123,,0.2,558.42,,2.494805049,0.593111064,1.004764014,1.87112E-05,1.87112E-05,0.000241048,0.001060499,0.351832914
Kerr,23090,0.475915658,76.47466436,20.20355132,0.493720225,2.828064097,34.7,0.451,32.05,21.95,24.45,0.65,9.85,10.95,0.11,62.5,0.337,0.278,0.122,245.1,0.267,188.42,86,1.090615725,-0.446756136,0.767487019,5.57328E-05,5.57328E-05,4.90107E-05,0.000202588,-0.203392905
Kimble,1945,0.427848658,87.24935733,10.59125964,0.257069409,1.902313625,0,0.447,27.05,21,19.25,6.25,16.1,10.4,0.1,55.9,0.303,0.277,0.118,151.1,0.33,312.91,91.9,1.68997943,-1.032905641,0.914183685,6.15742E-05,6.15742E-05,0.000181397,0.000721644,0.314153808
King,159,0.613899614,93.71069182,3.144654088,0,3.144654088,,0.415,57.65,10.25,11.65,6.35,5.85,8.25,,,0,0.283,0.103,,0.167,117.37,,0.570879776,,,,,,,
Kinney,1424,0.416252558,65.73033708,32.09269663,0.421348315,1.755617978,29.5,0.452,17.55,30.8,19.95,9.35,12.75,9.6,,69.8,0.33,0.294,0.115,,0.265,76.25,,-0.932250405,-1.582192565,0.912618185,-3.62371E-05,3.62371E-05,0.000289449,0.000696441,0.429435505
Kleberg,9483,0.302497687,46.01919224,49.6994622,0.970157123,3.311188442,49.2,0.493,32.4,22.15,22.15,1.2,11.75,10.35,0.09,58.3,0.442,0.301,0.083,639.8,0.247,796.99,46.2,-0.461597561,-1.023300283,0.966182055,6.8813E-05,6.8813E-05,0.000164212,0.000536398,0.378742767
Knox,1358,0.378062361,79.3814433,18.18851252,0.368188513,2.06185567,29.4,0.442,34.15,19.8,17.05,7.75,12.85,8.45,0.1,68.6,0.377,0.278,0.116,266.1,0.335,120.05,,0.24401712,-0.943109604,0.811436039,4.35512E-05,4.35512E-05,0.000103009,0.000440387,-0.085553501
La Salle,2049,0.320757671,42.45973646,54.90483163,0.488042948,2.14738897,34.3,0.464,19.4,26.45,16.9,4,23.35,9.85,0.1,81.8,0.565,0.289,0.086,185.7,0.28,146.59,80.5,-1.337367483,-1.62447832,1.277374231,5.04229E-05,5.04229E-05,0.000290134,0.000885653,0.973366434
La Vaca,8633,0.455639415,85.01100429,13.55264682,0.139001506,1.297347388,40.1,0.444,28.8,13.4,22.2,0.9,13.5,21.15,0.08,49.3,0.281,0.292,0.123,144.7,0.243,93.84,52,0.647257269,-0.172849874,0.664032237,4.27848E-05,4.27848E-05,5.56251E-05,0.000245399,-0.38686433
Lamar,18537,0.375296095,78.47008685,19.30733128,0.372228516,1.850353347,45.9,0.448,28.95,18.15,24,0.7,10.7,17.55,0.1,66.9,0.34,0.276,0.124,495.3,0.246,413.87,69.9,0.250741905,-0.76306026,0.504959505,2.00065E-05,2.00065E-05,4.36347E-05,0.000294763,-0.733305118
Lamb,3905,0.281766361,77.84891165,19.71830986,0.204865557,2.227912932,57.7,0.42,23.8,18.3,23.5,8.3,8.65,17.4,0.1,97.5,0.376,0.298,0.098,409.4,0.299,350.87,92.3,0.306718852,-1.320425577,0.612745551,7.5348E-06,7.5348E-06,0.000104619,0.000379411,-0.518623004
Lampasas,8149,0.405947992,78.18137195,18.14946619,0.576757884,3.092403976,26.5,0.435,24.55,19.2,25.4,1.3,15.75,13.85,0.06,54.2,0.298,0.29,0.102,407.2,0.273,121.09,63,0.517522063,-0.120601813,0.638932698,4.11188E-05,4.11188E-05,5.52047E-05,0.000446218,-0.428580151
Lee,6522,0.397513257,76.60226924,21.03649187,0.429316161,1.931922723,26.6,0.422,27.45,12.7,27.1,1.3,14.55,16.9,0.08,41.5,0.296,0.329,0.112,234,0.264,345.52,69.1,-0.196707701,-0.146605962,0.571016891,3.04247E-05,3.04247E-05,5.04836E-05,0.000375945,-0.580431851
Leon,7407,0.444624527,86.28324558,12.27217497,0.175509653,1.269069799,21.1,0.454,22.7,21.7,17.85,2.85,21.8,13.15,0.08,64.6,0.413,0.294,0.131,266,0.287,143.13,104.5,0.484890624,-0.868522523,0.780157826,2.26279E-05,2.26279E-05,7.87584E-05,0.000290088,-0.285186715
Liberty,24155,0.320817617,78.06251294,20.08279859,0.347754088,1.506934382,37.9,0.413,23.5,15.8,22.45,0.6,19.6,18,0.08,67.7,0.286,0.319,0.095,304.4,0.273,401.59,98.3,-0.862896816,-0.859226492,0.875508318,4.72431E-05,4.72431E-05,7.09613E-05,0.000387216,-0.056603827
Limestone,7648,0.334338798,75.14382845,22.85564854,0.353033473,1.64748954,29.8,0.411,29.45,19,22.35,1.15,13.95,14.05,0.1,70.5,0.304,0.297,0.11,579.7,0.251,541.08,104.5,0.215742407,-1.473144098,0.820113833,-1.52003E-05,1.52003E-05,0.000180314,0.00046882,-0.041457458
Lipscomb,1322,0.419949174,87.67019667,10.2118003,0.226928896,1.89107413,32.4,0.429,32.4,14.75,14.4,7.25,15.8,15.45,0.08,69.5,0.276,0.296,0.102,120.2,0.309,20.72,,0.828172871,-0.47375136,0.930193754,7.87283E-05,7.87283E-05,7.84625E-05,0.000466346,0.188232268
Live Oak,4267,0.374265415,80.85305835,17.31895946,0.304663698,1.523318491,27.1,0.429,28.9,21.4,23.25,1.35,12.65,12.4,0.07,48.9,0.204,0.295,0.117,314.5,0.228,98.68,73,1.386693956,-0.337861152,0.630333124,4.23794E-05,4.23794E-05,3.97933E-05,0.000159727,-0.468179179
Llano,10377,0.554178905,79.82075744,17.58697119,0.616748579,1.975522791,37.2,0.48,33.1,15.95,28.65,0.5,11.4,10.35,0.08,70,0.417,0.252,0.126,229.4,0.243,97.26,102.2,1.399363042,-0.285084417,0.873756258,6.97882E-05,6.97882E-05,6.26427E-05,0.000314547,0.034933039
Loving,64,0.790123457,89.0625,6.25,3.125,1.5625,,0.207,58.9,0,5.4,0,12.4,23.3,,,,0.299,0.11,,0.21,0,,,,,,,,,
Lubbock,98060,0.361967901,66.86314501,28.50907608,0.642463798,3.985315113,39.4,0.48,31.65,19.2,28.6,0.95,8.85,10.75,0.1,55.4,0.367,0.282,0.083,685.8,0.234,782.82,63.3,0.284497967,-0.500823532,0.847787177,6.46964E-05,6.46964E-05,6.80278E-05,0.000312558,-0.011912454
Lynn,1997,0.339741409,77.41612419,20.18027041,0.350525789,2.053079619,31.3,0.397,24.2,23.15,22.8,9.8,9,11.05,0.1,58.4,0.319,0.303,0.114,288.7,0.263,84.89,90.1,-0.196641669,-0.761980691,0.627596071,2.55277E-05,2.55277E-05,5.62937E-05,0.000253101,-0.518628764
Madison,4283,0.318841659,78.19285548,20.56969414,0.186784964,1.050665421,19.8,0.454,23.65,21.5,24.9,6.65,14.15,9.15,0.07,61,0.421,0.313,0.103,305.5,0.31,333.62,96.9,0.55200403,-1.025499072,0.637723842,-2.63168E-06,2.63168E-06,0.00010388,0.000400677,-0.512482744
Marion,4206,0.398370904,70.5658583,27.48454589,0.309082263,1.640513552,7.9,0.487,19.1,18.8,23.95,1.95,14.45,21.75,0.09,59.3,0.353,0.317,0.133,323.6,0.26,439.89,92.8,-0.441327123,-1.465111295,0.70789905,-8.57823E-05,8.57823E-05,0.000184095,0.000955001,0.174434795
Martin,1755,0.379623621,82.79202279,15.15669516,0.284900285,1.766381766,45.8,0.422,35.5,15.5,18.1,6.4,14.75,9.75,0.08,69.9,0.246,0.297,0.098,304,0.272,140.89,,-0.16565075,-0.24552841,0.879139612,9.73372E-05,9.73372E-05,0.000148353,0.000579804,0.372857589
Mason,2053,0.519615287,80.6624452,17.19434973,0.340964442,1.802240623,33.7,0.471,38.15,13.15,30.8,5.15,9.4,3.3,0.09,32,0.271,0.274,0.119,175.7,0.271,74.94,,1.300417223,-0.204608983,0.957509524,6.51065E-05,6.51065E-05,7.78993E-05,0.000371276,0.154258126
Matagorda,11779,0.319603853,69.16546396,28.49987265,0.415994567,1.918668817,34,0.469,26.15,18.4,20.5,2.85,15.3,16.85,0.09,67.6,0.317,0.302,0.113,277.1,0.278,288.14,69.3,0.164669418,-1.086156792,0.485546793,-1.0856E-05,1.0856E-05,8.25583E-05,0.000199485,-0.716261129
Maverick,13588,0.25745088,20.72416838,76.51604357,0.802178393,1.957609656,60.6,0.473,22.15,24.25,25.6,1.1,10.55,16.4,0.08,78.3,0.341,0.303,0.09,386.2,0.351,262.65,34.3,-0.418742056,-1.718816412,1.717811469,0.000279174,0.000279174,0.000509848,0.001789324,3.180751014
McCulloch,3086,0.381552918,82.50162022,15.55411536,0.291639663,1.652624757,52.4,0.494,29.95,22.75,20.55,2.35,7.95,16.45,0.09,84.2,0.253,0.294,0.114,301.6,0.277,218.92,87.5,0.180528987,-1.139634602,0.789570739,3.30005E-05,3.30005E-05,0.000129967,0.000393085,-0.105671709
McLennan,78255,0.337834629,61.65101271,34.56136988,0.604434221,3.183183183,40.3,0.464,30.65,17.9,26.6,0.4,10.05,14.35,0.08,51.3,0.377,0.304,0.097,661.9,0.245,518.19,58.7,0.213992824,-0.850407714,0.63020443,1.82721E-05,1.82721E-05,7.06232E-05,0.000248872,-0.51915103
McMullen,497,0.604622871,91.34808853,8.048289738,0.201207243,0.402414487,0,0.463,31.3,20.1,8.1,8.55,23.35,8.6,,,0.261,0.296,0.121,,0.245,132.39,,0.167454506,0.102800167,1.206843036,0.000118887,0.000118887,0.000250358,0.001359801,1.134287372
Medina,17187,0.383381664,70.13440391,26.90405539,0.616745214,2.344795485,39.6,0.422,32.95,16.55,23.8,1.45,13.25,12,0.09,52.2,0.289,0.282,0.097,310.6,0.254,210.16,61.3,-0.045022605,-0.139978885,0.579770559,3.544E-05,3.544E-05,4.65527E-05,0.000298556,-0.552943397
Menard,860,0.393232739,79.18604651,17.79069767,0.11627907,2.906976744,60,0.506,27.85,26.85,18.45,0.85,15.55,10.55,,51.8,0.383,0.291,0.121,265,0.343,195.55,,0.383540399,-1.067888641,0.796457098,2.47082E-06,2.47082E-06,0.000101558,0.000319245,-0.313315988
Midland,48753,0.370522652,75.67944537,20.49720017,0.416384633,3.406969828,45.8,0.503,31.7,16.1,26.9,0.4,14.1,10.75,0.08,70.4,0.303,0.281,0.081,579.4,0.237,323.1,57.5,0.336027001,-0.052960168,0.758586589,6.37267E-05,6.37267E-05,8.4318E-05,0.00051675,-0.095312884
Milam,8607,0.347504845,73.66097363,23.7248751,0.569304055,2.044847217,32.5,0.462,26.75,16.65,23.35,2.65,13.2,17.4,0.08,65.6,0.359,0.312,0.12,498,0.249,154.61,80.2,-0.071818141,-0.921073776,0.436303664,-7.29936E-06,7.29936E-06,4.53508E-05,0.000157923,-0.881639971
Mills,2238,0.450392433,87.08668454,10.81322609,0.268096515,1.831992851,7.5,0.454,32.6,19.75,20.85,6.5,9.5,10.8,,44.6,0.25,0.304,0.12,247.5,0.311,180.42,98.3,1.794344496,-0.491046324,0.717797811,4.41576E-05,4.41576E-05,4.66779E-05,0.00045442,-0.330691878
Mitchell,2190,0.234500482,81.27853881,16.11872146,0.319634703,2.283105023,34.7,0.398,28.75,19.5,25.4,0.8,13.9,11.6,0.08,80.4,0.33,0.292,0.095,191,0.222,216.31,81.4,0.121709575,-0.854361545,0.824916279,5.41863E-05,5.41863E-05,7.4476E-05,0.000248011,-0.079408259
Montague,8604,0.438130156,87.47094375,10.28591353,0.267317527,1.975825198,40.1,0.438,26.15,18,22.85,0.85,15.95,16.15,0.07,63.6,0.307,0.283,0.108,172.5,0.272,173.23,113.2,0.553415471,-0.468677796,0.529446392,3.48321E-05,3.48321E-05,3.51405E-05,0.000230026,-0.646788437
Montgomery,203083,0.468217994,73.9539991,22.52478051,0.49979565,3.021424738,45.6,0.46,36.5,14.5,25.9,0.25,11.5,11.35,0.08,41.2,0.252,0.289,0.089,191.4,0.219,260.31,62.2,0.888689904,0.338843021,0.517756665,-1.3118E-05,1.3118E-05,7.97754E-05,0.000290331,-0.669605336
Moore,5262,0.250511783,75.52261498,20.82858229,0.494108704,3.154694033,13.5,0.383,22.45,15.35,19.45,2.8,12.6,27.3,0.07,92.7,0.286,0.315,0.095,464.6,0.306,312.58,68.3,0.345421725,-0.734102443,1.008289188,0.000111167,0.000111167,0.000120006,0.000655488,0.544909952
Morris,4964,0.385015124,69.35938759,28.70668815,0.382755842,1.551168413,30.3,0.444,28.15,17.3,22.5,1.2,11,19.85,0.1,72.5,0.46,0.319,0.13,217.9,0.241,414.29,100.9,0.643192274,-1.193476276,0.552651747,-2.61056E-05,2.61056E-05,8.60764E-05,0.00024709,-0.545425041
Motley,620,0.520134228,92.09677419,6.451612903,0,1.451612903,34.2,0.451,37.5,11,17.25,10,12.6,11.65,,67.4,0.101,0.275,0.125,,0.294,135.57,,0.043270806,-0.769474532,1.227397121,0.00012828,0.00012828,0.000188384,0.001066151,1.067916719
Nacogdoches,22430,0.352861593,65.76460098,30.41462327,0.699955417,3.12082033,48.2,0.485,29.95,19.45,23.6,2.25,10.3,14.45,0.08,40,0.422,0.298,0.099,688.9,0.279,450.31,77.7,-0.111561289,-1.01134767,0.836126374,2.90783E-05,2.90783E-05,0.000104315,0.00028854,-0.122954219
Navarro,16382,0.339235054,73.15346112,24.40483457,0.347942864,2.093761445,48.6,0.451,26.1,16.35,24.2,1.1,11.35,20.9,0.08,73.9,0.388,0.337,0.114,653.4,0.274,417.84,64.9,0.158994757,-1.035863048,0.610897632,1.5509E-05,1.5509E-05,9.24877E-05,0.000302118,-0.508569544
Newton,4010,0.283672892,73.840399,24.38902743,0.274314214,1.496259352,5.3,0.46,22.25,19.3,20.8,2.7,20.5,14.5,0.1,56.5,0.453,0.323,0.118,276.7,0.242,72.39,122.3,-0.311094959,-1.032210494,0.815032879,-5.48132E-06,5.48132E-06,0.000147153,0.00072069,-0.171384127
Nolan,4744,0.316963987,74.85244519,21.69055649,0.463743676,2.993254637,38.5,0.446,28.05,18.3,23.6,1.85,12.65,15.55,0.1,96.1,0.398,0.292,0.109,438.8,0.247,963.69,88.1,1.317911214,-1.356057125,0.703133307,1.24273E-05,1.24273E-05,0.000118749,0.000409215,-0.345457288
Nueces,103958,0.315059567,48.77354316,47.23253622,0.813790184,3.180130437,43.2,0.472,30.45,19.5,25.5,0.5,12.8,11.25,0.09,62.8,0.422,0.294,0.1,737.6,0.244,681.8,59.7,-0.296712015,-0.890726935,0.671688349,2.61151E-05,2.61151E-05,8.22148E-05,0.00033736,-0.400202459
Ochiltree,2981,0.303008742,88.15833613,9.191546461,0.16772895,2.48238846,24,0.423,26.9,15.05,18.1,2.3,19.1,18.5,0.08,94.5,0.26,0.296,0.087,208.9,0.315,171.29,74.3,-0.975456179,-0.748907384,0.932697208,0.000116644,0.000116644,0.000126371,0.000695137,0.488894567
Oldham,945,0.456521739,89.94708995,8.253968254,0.317460317,1.481481481,26.8,0.416,37.8,25.7,15.7,8.6,7.95,4.2,,,0.196,0.304,0.107,,0.205,48.41,,0.290817373,0.019709862,0.872041269,3.59685E-05,3.59685E-05,8.00873E-05,0.000650819,-0.096789456
Orange,31761,0.386485599,79.92506533,17.99691445,0.36207928,1.715940934,44.4,0.432,27.5,14.65,23.1,0.15,16.5,18.1,0.1,59,0.318,0.329,0.116,321.3,0.217,405.16,115.4,0.227244063,-0.589025086,0.660044738,3.14844E-05,3.14844E-05,3.52701E-05,0.000162565,-0.49437658
Palo Pinto,10175,0.366257514,80.80589681,16.70761671,0.471744472,2.014742015,48.9,0.456,23.35,21.75,20.65,1.45,14.35,18.45,0.07,76,0.385,0.281,0.118,234.8,0.275,352,89.5,-0.158832226,-1.017137821,0.873784914,3.63994E-05,3.63994E-05,0.000104279,0.000315949,-0.03779452
Panola,10413,0.444032237,81.10054739,17.62220302,0.230481129,1.046768463,42,0.444,24.5,13.95,19.1,0.85,20.05,21.6,0.09,56.7,0.316,0.31,0.119,315.9,0.222,228.81,95.9,-0.316914697,-0.770882114,0.573494891,1.32105E-05,1.32105E-05,5.44108E-05,0.000241629,-0.654321563
Parker,56413,0.500892342,82.30904224,14.76432737,0.379345186,2.5472852,39.3,0.444,33.1,13.65,27.4,0.5,12.45,12.85,0.07,41.9,0.226,0.312,0.115,286.4,0.213,157.81,67.6,1.195683993,0.283444591,0.442270369,-8.33288E-06,8.33288E-06,6.53834E-05,0.000224706,-0.823561769
Parmer,2818,0.286585986,67.81405252,30.09226402,0.141944642,1.951738822,19.6,0.417,26.65,16,13,10.3,8.3,25.6,0.08,56.2,0.259,0.318,0.09,232.3,0.314,224.02,55.5,-0.337498773,-0.896993835,1.032121586,0.000112046,0.000112046,0.000133491,0.000470287,0.610538237
Pecos,4167,0.265346409,59.10727142,37.22102232,0.623950084,3.04775618,24.6,0.47,20.9,26.05,17.8,4.7,18.35,12.2,0.08,85.6,0.299,0.295,0.096,369.1,0.285,401.08,71.5,-0.358158702,-1.094465158,1.158383699,6.7588E-05,6.7588E-05,0.000144804,0.000474808,0.577307421
Polk,34444,0.750921101,77.1890605,20.67994426,0.386134015,1.744861224,33.7,0.443,23,22.9,20.95,1.35,19.3,12.55,0.09,76.2,0.468,0.342,0.115,212.1,0.29,233.19,157.9,0.140150016,-1.569485442,0.725275363,-8.14578E-05,8.14578E-05,0.000198693,0.000444524,0.208246622
Potter,28330,0.234258073,68.82809742,26.89728203,0.670667137,3.603953406,46.4,0.461,23.3,21.3,24.9,0.55,13,16.95,0.1,96.7,0.427,0.342,0.099,807.9,0.294,632.36,77,0.326981205,-1.569580489,0.674149326,-4.23536E-05,4.23536E-05,0.000191541,0.000508074,-0.06924368
Presidio,2203,0.286961052,29.59600545,66.18247844,1.316386745,2.905129369,33.8,0.473,28.25,26.1,24.1,9.1,8.65,3.85,0.07,91,0.325,0.252,0.099,270.6,0.373,84.47,,-1.431973446,-1.757087201,1.592327236,0.000195341,0.000195341,0.000407464,0.001173928,2.368899472
Rains,4630,0.420564992,84.64362851,13.36933045,0.323974082,1.663066955,12.5,0.399,26.5,14.3,22.95,0.85,21.5,13.8,0.09,50.4,0.394,0.293,0.118,63.3,0.286,131.26,85.9,0.988705782,-0.466169772,0.766727655,4.47142E-05,4.47142E-05,5.40939E-05,0.000307425,-0.247922608
Randall,53813,0.460873736,80.61063312,15.49811384,0.421831156,3.469421887,45.4,0.439,34.9,16,28.25,0.5,9.15,11.2,0.08,35.3,0.282,0.259,0.089,262.7,0.187,531.95,55.2,0.829650609,0.498015439,0.581703664,-2.2826E-05,2.2826E-05,0.000139396,0.000641469,-0.403926263
Reagan,900,0.283553875,78.77777778,18.55555556,0.222222222,2.444444444,45.8,0.349,21.4,11.65,18.35,3.65,22.8,22.15,0.07,75.1,0.113,0.295,0.094,295,0.304,40.52,,-0.496699337,-0.206287231,1.322362798,0.000180885,0.000180885,0.000216085,0.000855367,1.515861208
Real,1678,0.534905961,82.35995232,15.61382598,0.357568534,1.668653159,32.8,0.402,26.15,24,20.45,5.2,16.8,7.4,,52.2,0.473,0.289,0.13,408.6,0.348,62.85,,-0.259460797,-1.33626248,0.776898546,6.21176E-06,6.21176E-06,0.000144454,0.000478102,-0.223126349
Red River,5147,0.396900062,76.23858558,22.30425491,0.155430348,1.301729163,40.8,0.409,25.5,17.9,19.05,2.5,11.8,23.25,0.09,61.9,0.39,0.315,0.127,126,0.254,249.88,103.2,0.318820607,-1.196856354,0.751172611,-5.0272E-06,5.0272E-06,0.000127475,0.000395088,-0.300612872
Reeves,3184,0.25592798,44.50376884,52.10427136,0.314070352,3.077889447,19.9,0.434,23.05,29.65,18.7,2.8,14.4,11.45,0.11,94.6,0.462,0.309,0.094,232.6,0.273,276.28,52.8,-0.356216102,-2.324130662,1.131173102,-4.99396E-05,4.99396E-05,0.0004458,0.00160244,1.133207206
Refugio,2945,0.399430354,62.13921902,35.11035654,0.339558574,2.410865874,9.1,0.421,25.5,23.65,24.75,1.85,14.25,10.05,0.08,64.7,0.328,0.299,0.117,342.9,0.225,188.95,64.5,0.1012553,-0.753832704,0.739785293,2.946E-05,2.946E-05,5.84913E-05,0.000286685,-0.348998287
Roberts,550,0.597176982,95.27272727,3.636363636,0,1.090909091,0,0.468,45.6,16.05,19.55,4.3,7.6,6.9,,,0.202,0.286,0.104,,0.196,184.71,,0.438375969,0.481115766,0.920634593,2.89156E-05,2.89156E-05,0.00017502,0.000944431,0.14502988
Robertson,7010,0.43202268,66.54778887,31.42653352,0.242510699,1.783166904,78.2,0.478,27.3,21.65,22.7,2.3,12.25,13.85,0.08,70.4,0.385,0.314,0.125,579.5,0.268,302.43,96.5,0.050515216,-1.262201636,0.582161894,-2.41076E-05,2.41076E-05,0.00013077,0.000848555,-0.41639938
Rockwall,39529,0.523043334,71.83586734,24.36945028,0.523666169,3.271016216,48.3,0.393,42.65,13.05,27.25,0.25,9.15,7.65,0.08,22.4,0.195,0.277,0.086,174.7,0.183,145.14,37.2,1.27407214,1.207644887,0.615943001,-0.000167751,0.000167751,0.000236188,0.00061615,0.582390949
Runnels,3765,0.360701284,86.08233732,12.00531209,0.345285525,1.567065073,24,0.441,27.2,18.15,24.7,3.2,10.85,15.95,0.11,65.2,0.457,0.326,0.111,342.1,0.262,200.75,59.1,0.686230063,-1.176661628,0.554752044,2.06225E-06,2.06225E-06,9.61967E-05,0.000387056,-0.639927355
Rusk,18994,0.373258396,77.26124039,20.71706855,0.268505844,1.753185216,48.6,0.462,25.35,16.1,23.95,1.15,15.05,18.4,0.09,66.1,0.334,0.352,0.114,264.1,0.266,330.79,81.9,0.365903484,-0.642003835,0.565308384,2.22245E-05,2.22245E-05,3.92188E-05,0.000120301,-0.65417651
Sabine,4642,0.441884817,85.99741491,13.2270573,0.193881947,0.581645842,36,0.429,25.2,20.3,16.6,3.7,16.25,17.95,0.07,66.1,0.382,0.32,0.134,260.7,0.241,207.87,125.8,-0.133621712,-1.300110035,0.772898949,-3.57782E-05,3.57782E-05,0.000164937,0.000522595,-0.034446057
San Augustine,3563,0.405854881,73.53353915,25.45607634,0.168397418,0.84198709,60,0.503,23.5,17.9,19.7,3.05,14.85,21.05,0.1,79.1,0.514,0.291,0.136,428.2,0.264,302.33,117.7,-0.353864653,-2.025516589,0.677827172,-0.000131247,0.000131247,0.000247003,0.000721323,0.504525758
San Jacinto,10305,0.4038959,78.11741873,19.73799127,0.504609413,1.639980592,29.9,0.44,24.85,17.95,23.6,0.65,16.5,16.45,0.09,59,0.329,0.304,0.121,130.6,0.286,329.86,107.6,-0.736976639,-1.097948718,0.511077582,-2.16489E-05,2.16489E-05,9.10996E-05,0.000381118,-0.610090144
San Patricio,21513,0.323027719,60.44717148,36.37335565,0.525263794,2.654209083,43.7,0.436,28.45,20.5,23,1.15,13.45,13.45,0.09,74.1,0.356,0.292,0.108,482,0.231,290.12,53.8,-0.21090943,-0.660114766,0.529320324,3.60814E-05,3.60814E-05,4.67681E-05,0.000214455,-0.614475883
San Saba,2354,0.391224863,86.02378929,12.4468989,0.169923534,1.359388275,31.4,0.471,27.7,16.35,19.75,3.9,10.15,22.2,0.07,57.8,0.449,0.299,0.107,315.5,0.302,191.84,109.7,-0.438610815,-1.349447801,0.899881816,4.1029E-05,4.1029E-05,0.00016549,0.000576368,0.15718183
Schleicher,1054,0.333438785,77.70398482,19.82922201,0.189753321,2.277039848,36.5,0.401,39.35,15.1,12.2,2.15,19.7,11.45,0.08,64.1,0.442,0.298,0.097,181.3,0.277,20.39,,0.004200105,-0.4856148,0.991074253,8.12208E-05,8.12208E-05,7.78072E-05,0.000290242,0.277904301
Scurry,5261,0.319681594,83.69131344,13.93271241,0.41817145,1.957802699,46.2,0.501,29.5,14.35,19.7,0.6,20.7,15.25,0.11,92.5,0.338,0.295,0.09,413.7,0.247,693.78,71.2,-0.278910065,-0.818308323,0.960188476,9.97774E-05,9.97774E-05,0.000124351,0.000537237,0.435658643
Shackelford,1502,0.464871557,91.74434088,6.857523302,0,1.398135819,47.1,0.423,33.1,16.65,18.2,3.6,18.05,10.4,0.11,38.8,0.165,0.314,0.106,211,0.268,60.52,,2.316704042,-0.26422418,0.861748274,8.42796E-05,8.42796E-05,9.01699E-05,0.00030279,0.153883736
Shelby,9072,0.350229703,79.04541446,19.36728395,0.231481481,1.355820106,49.7,0.491,25.7,12.65,20.75,4.35,15.7,20.85,0.1,80.2,0.419,0.336,0.118,302.7,0.303,336.61,114.1,0.271652768,-1.44180828,0.691195594,2.24553E-06,2.24553E-06,0.000176882,0.0007294,-0.280551826
Sherman,933,0.314247221,86.49517685,10.28938907,0.321543408,2.893890675,25.3,0.389,32.25,16.45,14.6,16.65,5.4,14.65,0.07,47.3,0.228,0.296,0.099,,0.341,154.88,,2.105970973,-0.220924755,0.795506839,7.69152E-05,7.69152E-05,0.000108146,0.001057805,0.072037978
Smith,83161,0.408308457,70.5030002,26.60862664,0.408845492,2.479527663,38.7,0.479,31.85,18.25,25.65,0.7,9.35,14.25,0.08,50.9,0.319,0.282,0.104,482.2,0.248,404.63,69.1,0.202633666,-0.321423022,0.443747746,2.20505E-05,2.20505E-05,2.30586E-05,0.000166701,-0.84866313
Somervell,3876,0.477928483,82.71413829,13.93188854,0.593395253,2.760577915,54.8,0.453,40.8,20.15,16.65,0,11.45,11.05,0.08,39.6,0.262,0.284,0.104,142,0.237,75.27,90.3,1.011305204,0.054965723,0.796969978,2.94686E-05,2.94686E-05,6.89928E-05,0.000353753,-0.251330865
Starr,11691,0.191806668,18.97185869,79.08647678,0.581644,1.360020529,44.6,0.519,23.6,27.05,23.1,2.1,13,11.15,0.09,101.2,0.357,0.293,0.09,341.9,0.346,272.31,44.4,-0.357659445,-2.451510161,1.86766699,0.000208818,0.000208818,0.000751359,0.003196694,3.56814952
Stephens,3453,0.361494975,87.83666377,10.07819288,0.20272227,1.882421083,47.9,0.451,22.95,16.7,26.65,1.8,16.75,15.2,0.07,73.1,0.306,0.293,0.108,136.2,0.291,117.03,89.9,0.390579331,-0.708057866,0.83854897,5.72826E-05,5.72826E-05,8.5119E-05,0.00024151,-0.022307961
Sterling,633,0.561170213,86.72985782,11.05845182,0.789889415,1.421800948,44.9,0.459,34.15,16.05,12.25,6.2,17.6,13.75,,57.6,0.217,0.292,0.106,431.8,0.253,112.49,,0.356261797,-0.804603445,1.079765153,0.000142134,0.000142134,0.000171727,0.001059635,0.908646303
Stonewall,701,0.488501742,79.17261056,19.25820257,0.142653352,1.426533524,68.2,0.413,44.3,12.75,18.6,4.15,11.2,9,,36.5,0.156,0.287,0.118,,0.268,180.63,,0.566098604,0.352711393,0.842573304,5.07806E-05,5.07806E-05,0.00014959,0.000748576,0.095909556
Sutton,1415,0.336984996,75.97173145,22.12014134,0.35335689,1.554770318,50.8,0.434,29.3,15.8,18.05,1,17.9,18.05,0.08,67.1,0.184,0.29,0.102,174.7,0.293,134.44,,0.848203375,-0.471129091,0.909530925,0.000102652,0.000102652,0.000104654,0.000505311,0.340080274
Swisher,2190,0.283275126,76.30136986,21.09589041,0.273972603,2.328767123,45.5,0.432,29.6,19.95,18.15,7.5,9.2,15.65,0.13,101.6,0.342,0.282,0.107,512.8,0.268,251.48,71.6,0.625644517,-1.175968298,0.851333008,5.29338E-05,5.29338E-05,0.000112894,0.000497213,0.035179326
Tarrant,662832,0.377254711,52.15243078,43.45007483,0.814836942,3.582657446,41,0.448,34.4,14.6,27.8,0.1,9.85,13.25,0.08,52.7,0.323,0.279,0.092,435.3,0.235,451.84,44.7,0.007972503,0.000668702,0.642475285,2.0557E-05,2.0557E-05,4.95409E-05,0.000254267,-0.5394507
Taylor,45266,0.350774143,73.28237529,22.1954668,0.63623912,3.885918791,36.3,0.449,31.8,20.95,25.85,0.4,10.45,10.55,0.09,59.2,0.339,0.282,0.104,492.6,0.216,430.31,60.1,1.132942761,-0.543107775,0.611891592,2.83293E-05,2.83293E-05,4.02329E-05,0.000130998,-0.561183484
Terrell,437,0.487179487,65.67505721,32.03661327,0,2.288329519,0,0.385,36.5,16.65,19.55,6.35,11.65,9.25,,,0.215,0.283,0.102,416.7,0.295,310.34,,2.267743546,0.117031224,0.934225115,5.34186E-05,5.34186E-05,0.000132861,0.000874695,0.189816716
Terry,1763,0.142154491,73.45433919,24.04991492,0.794100964,1.701644923,31.7,0.547,29.65,17.8,22.8,4.4,11.7,13.65,0.11,99.5,0.28,0.319,0.112,433.9,0.28,193.87,84.8,-1.100842169,-1.761205031,1.083109375,-3.59771E-05,3.59771E-05,0.000264922,0.000633164,0.59319945
Throckmorton,808,0.494189602,88.49009901,10.3960396,0.247524752,0.866336634,0,0.428,23.85,18.65,20.55,11.55,13.65,11.85,,,0.207,0.29,0.118,248.6,0.332,40.25,,0.056671853,-0.4268521,0.824390526,6.67462E-05,6.67462E-05,6.44666E-05,0.000713662,-0.039959991
Titus,9176,0.298678471,69.8016565,27.65911072,0.47951177,2.059721011,40.9,0.418,21.75,15.85,21.15,1.6,11.2,28.4,0.08,86.5,0.318,0.305,0.094,371.2,0.309,262.14,70.4,0.425338401,-0.799324175,0.750084361,7.11924E-05,7.11924E-05,7.18396E-05,0.000405909,-0.097183706
Tom Green,38104,0.351405937,71.84547554,23.92662188,0.56686962,3.661032962,41.7,0.445,28.95,20.3,27.5,0.85,11.65,10.8,0.08,57,0.366,0.283,0.099,615.3,0.254,299.84,57.3,0.244415216,-0.479321858,0.592033349,2.91786E-05,2.91786E-05,3.28153E-05,0.000121838,-0.599352874
Travis,462511,0.464595641,27.40475362,66.26328887,1.604286168,4.727671342,46.6,0.487,43.45,15.9,23.85,0.1,10.05,6.7,0.08,47.4,0.332,0.237,0.065,593.4,0.224,413.2,50.5,-0.380867306,0.281555758,0.9699737,6.58601E-05,6.58601E-05,0.000115796,0.000527178,0.259649782
Trinity,5982,0.418467996,79.18756269,19.29120695,0.183884988,1.337345369,49.5,0.432,22.2,26.85,21.05,4.25,10.4,15.2,0.09,60.2,0.323,0.315,0.131,170.5,0.276,311.38,108,-0.534970802,-1.291705868,0.791656872,-4.4727E-05,4.4727E-05,0.00012816,0.000390958,-0.048499103
Tyler,7969,0.378520876,82.83347973,15.59794203,0.27606977,1.29250847,24.9,0.443,29.85,18.1,17.25,2,14.55,18.1,0.08,70.6,0.408,0.298,0.115,189.2,0.245,394.18,98.7,-0.134388824,-0.961037913,0.671901698,-2.95766E-06,2.95766E-06,7.89252E-05,0.000264903,-0.52298017
Upshur,15918,0.413755459,82.91242618,14.9390627,0.370649579,1.77786154,33.3,0.43,26.3,15.8,24.65,1.15,16.35,15.8,0.08,56.5,0.277,0.31,0.13,226,0.249,274.7,88.4,0.147969983,-0.576836076,0.814211582,0.000107345,0.000107345,0.000128994,0.001473171,0.295205686
Upton,1296,0.405,74.15123457,21.91358025,0.231481481,3.703703704,9.8,0.42,27.55,20.65,19.9,3.6,10.3,18.05,0.09,65.7,0.339,0.298,0.104,239.1,0.292,50.45,,-0.307021705,-0.824457936,0.720226586,3.28763E-05,3.28763E-05,8.13657E-05,0.000518454,-0.305608865
Uvalde,8936,0.337029494,54.02864816,43.22963295,0.604297225,2.137421665,52.3,0.491,25.2,18.4,25.7,4.35,12.15,14.1,0.08,82.9,0.355,0.295,0.103,719.8,0.282,285.3,59.4,-0.856296339,-1.454629401,0.936944071,2.75599E-05,2.75599E-05,0.000207188,0.000469691,0.231934697
Val Verde,13476,0.279550263,43.45503117,51.35054912,0.972098546,4.222321164,26.9,0.435,25.75,25.45,22.15,0.9,12.15,13.6,0.07,81.6,0.341,0.277,0.098,344.2,0.292,191.52,41.6,-0.574808125,-1.078035499,1.252491811,0.000167525,0.000167525,0.000220847,0.000852762,1.369568611
Van Zandt,21689,0.415291234,85.00161372,12.87288487,0.355018673,1.770482733,36.5,0.428,27.3,17,24.75,1.35,15.65,13.95,0.07,50.8,0.294,0.325,0.125,199,0.272,208.85,100.1,0.987310079,-0.556873184,0.563050159,2.58647E-05,2.58647E-05,2.82271E-05,0.00015818,-0.663722676
Victoria,31032,0.358755593,68.48736788,28.49639082,0.496261923,2.519979376,43.9,0.447,29.45,16.3,25.2,0.35,13.5,15.15,0.08,78.3,0.429,0.298,0.111,556.3,0.241,571.28,64.1,-0.186289697,-0.731808266,0.677004856,4.7009E-05,4.7009E-05,5.60305E-05,0.000326384,-0.348086762
Walker,19683,0.298707014,65.42701824,30.91500279,0.817964741,2.840014225,17.8,0.485,30.25,24.45,24.45,1.05,7.7,12,0.09,27.4,0.353,0.326,0.096,455.3,0.28,391.65,56.4,0.349885268,-0.95603695,1.652052944,0.000356009,0.000356009,0.000917223,0.01322046,4.398640327
Waller,16715,0.424475596,62.96739456,34.3643434,0.622195633,2.046066407,45.9,0.447,28.3,17.35,21.85,1.75,13.65,17.15,0.08,35.8,0.323,0.323,0.098,372.6,0.301,248.13,73.6,-0.315361692,-0.561471459,0.558962124,4.19972E-05,4.19972E-05,4.16313E-05,0.000304053,-0.558207811
Ward,3413,0.325761191,74.45062994,22.85379432,0.292997363,2.402578377,24.5,0.431,22.85,21,21.25,0.2,20.15,14.55,0.11,81.4,0.451,0.3,0.097,410.6,0.268,430.28,72.3,0.743493389,-1.21014915,0.808228544,1.46835E-05,1.46835E-05,0.000126632,0.000547859,-0.180537389
Washington,14747,0.447760741,74.21170408,22.92669696,0.474672815,2.386926154,33.4,0.512,30.4,18.25,25.25,2.5,9.45,14.1,0.08,41.3,0.407,0.286,0.107,426.1,0.234,309.04,71.7,0.902070483,-0.26330214,0.734715945,6.78438E-05,6.78438E-05,7.0693E-05,0.000457017,-0.1363596
Webb,56867,0.236287183,22.76539997,74.37881372,1.039267062,1.816519247,47.9,0.46,25.05,21.6,30.1,0.3,9.7,13.25,0.07,91.9,0.38,0.307,0.088,389.9,0.364,520.63,41.3,-1.353401427,-1.558626288,1.444738654,0.000185557,0.000185557,0.000356202,0.001162014,2.013572583
Wharton,14707,0.357843257,69.0079554,28.81620997,0.346773645,1.829060991,58.1,0.46,28.05,16.3,20.9,3,15.45,16.25,0.09,65.8,0.444,0.292,0.115,305,0.279,452.44,59.5,-0.04022302,-0.856179753,0.644432876,3.16459E-05,3.16459E-05,6.92817E-05,0.00027784,-0.437004887
Wheeler,2306,0.453401494,90.50303556,8.41283608,0.173460538,0.910667823,54.7,0.513,25.9,19.95,16.75,3.4,19.3,14.7,0.07,65.7,0.277,0.296,0.112,201.3,0.295,236.23,110.8,-0.438171571,-0.706142321,0.773966953,4.38738E-05,4.38738E-05,7.56994E-05,0.0004122,-0.194006861
Wichita,37913,0.291678848,72.82198718,23.08443014,0.675230132,3.418352544,42,0.472,29.05,20.45,26.25,0.25,10.3,13.75,0.08,59.8,0.348,0.329,0.113,497.3,0.229,412.22,78.2,0.907941695,-0.607526142,0.543187395,1.46861E-05,1.46861E-05,2.73894E-05,0.000126376,-0.747108692
Wilbarger,4101,0.300880411,77.20068276,19.67812729,0.316995855,2.804194099,32.4,0.454,26.25,25.5,18.1,2.35,12.95,14.75,0.08,74.1,0.39,0.292,0.109,335.7,0.246,411.6,70.4,-0.243580435,-1.329633276,0.820404717,1.66275E-05,1.66275E-05,0.000164749,0.000620783,-0.06907783
Willacy,5082,0.239164196,30.3227076,67.21763085,0.609996065,1.849665486,42.9,0.545,23,35.05,22.3,5.4,6.1,8.1,0.08,76.5,0.42,0.285,0.088,316.8,0.298,1164.82,40.4,-0.949374908,-2.672407419,1.873980171,5.06897E-05,5.06897E-05,0.000810237,0.002480815,2.919599208
Williamson,200524,0.504389297,51.87857813,42.01591829,1.016337197,5.089166384,49.6,0.37,43.85,12.6,27.35,0.1,8,8.2,0.07,33.6,0.227,0.271,0.075,313.9,0.174,137.72,38.7,1.155086463,1.230558036,0.644716564,-0.000190182,0.000190182,0.000263795,0.000637671,0.793889417
Wilson,19255,0.469920683,72.66164633,24.87665541,0.425863412,2.035834848,40.2,0.39,33.85,14.25,24.65,1,14.1,12.2,0.09,34.7,0.214,0.276,0.098,253.5,0.21,125.64,61.1,0.847337401,0.395210959,0.54430773,-2.24237E-05,2.24237E-05,8.46188E-05,0.000234384,-0.577885845
Winkler,1873,0.273590418,74.906567,22.42391885,0.053390283,2.616123865,63.8,0.431,20.85,19.6,15.25,0.35,28.75,15.15,0.1,63.4,0.321,0.318,0.1,236.8,0.272,218.94,80.7,-0.664439522,-1.106618576,0.811635093,3.82294E-05,3.82294E-05,0.000125287,0.000479654,-0.06160043
Wise,24661,0.422487194,83.75572767,13.83561088,0.36900369,2.039657759,42.6,0.395,26.2,14.95,24.8,1.15,14.75,18.1,0.07,48.6,0.187,0.294,0.088,222.3,0.237,199.24,74.8,0.627214839,0.258503887,0.548476681,1.13678E-05,1.13678E-05,9.70492E-05,0.000426528,-0.599651567
Wood,18646,0.443593282,84.09846616,14.07272337,0.343237155,1.485573313,48.1,0.428,25.75,18.05,24.9,1.9,14.2,15.25,0.07,53,0.315,0.29,0.117,128.1,0.272,168.76,92.8,0.872179932,-0.563131914,0.690705735,3.94891E-05,3.94891E-05,4.0873E-05,0.00015204,-0.402125578
Yoakum,2299,0.299895643,78.16441931,18.52979556,0.130491518,3.175293606,33.8,0.435,25,11.8,16.95,7.95,25.5,12.85,0.09,87.2,0.186,0.298,0.092,349.8,0.278,144.45,70,1.450617624,-0.925611714,1.01804256,0.000112471,0.000112471,0.00015932,0.000614477,0.652741728
Young,7658,0.422510345,86.01462523,11.3998433,0.248106555,2.337424915,38.3,0.512,22.45,16.25,25.65,0.85,14,20.85,0.08,66.7,0.291,0.278,0.112,205.6,0.265,174.38,115.9,0.616499718,-0.810357511,0.878403171,4.19935E-05,4.19935E-05,7.33736E-05,0.000267732,-0.073630341
Zapata,3134,0.227282617,32.80153159,65.60306318,0.510529675,1.084875558,69.4,0.514,26.45,23.8,16.2,1.15,20.15,12.35,0.09,116.6,0.386,0.305,0.084,273.1,0.353,228.83,48.5,-1.293551776,-2.283480896,1.810430988,0.000209637,0.000209637,0.000640599,0.001929258,3.248312109
Zavala,3390,0.291037088,20.41297935,77.66961652,0.471976401,1.445427729,49.1,0.482,17.6,32.3,21,5.45,12.15,11.45,0.1,104,0.433,0.29,0.093,455.7,0.285,430.61,75.5,-1.696736019,-2.836983026,1.292617807,-0.000153125,0.000153125,0.000700434,0.002437185,2.431733371